id,username,desc,create_time,likes,comments,shares,views,video_url
video_1_1,cryptoking,Latest Bitcoin price analysis,1711756800,125000,3500,8900,980000,https://example.com/videos/cryptoking_video_1.mp4
video_1_2,cryptoking,Ethereum merge implications,1711670400,98000,2800,7500,850000,https://example.com/videos/cryptoking_video_2.mp4
video_1_3,cryptoking,Top 5 altcoins to watch,1711584000,110000,3200,8200,920000,https://example.com/videos/cryptoking_video_3.mp4
video_2_1,cryptoqueen,Crypto market overview,1711756800,95000,2600,6800,780000,https://example.com/videos/cryptoqueen_video_1.mp4
video_2_2,cryptoqueen,NFT market trends,1711670400,88000,2400,6200,720000,https://example.com/videos/cryptoqueen_video_2.mp4
video_2_3,cryptoqueen,DeFi protocols explained,1711584000,92000,2500,6500,750000,https://example.com/videos/cryptoqueen_video_3.mp4
video_3_1,bitcoinbaron,Bitcoin halving countdown,1711756800,85000,2300,5900,680000,https://example.com/videos/bitcoinbaron_video_1.mp4
video_3_2,bitcoinbaron,Lightning Network updates,1711670400,78000,2100,5500,630000,https://example.com/videos/bitcoinbaron_video_2.mp4
video_3_3,bitcoinbaron,Bitcoin vs Gold comparison,1711584000,82000,2200,5700,650000,https://example.com/videos/bitcoinbaron_video_3.mp4
video_4_1,altcoinace,Solana ecosystem review,1711756800,72000,1900,5000,580000,https://example.com/videos/altcoinace_video_1.mp4
video_4_2,altcoinace,Cardano smart contracts,1711670400,68000,1800,4800,550000,https://example.com/videos/altcoinace_video_2.mp4
video_4_3,altcoinace,Polkadot parachain auctions,1711584000,70000,1900,4900,570000,https://example.com/videos/altcoinace_video_3.mp4
video_5_1,defimaster,Yield farming strategies,1711756800,65000,1700,4500,520000,https://example.com/videos/defimaster_video_1.mp4
video_5_2,defimaster,Liquidity pools explained,1711670400,62000,1600,4300,500000,https://example.com/videos/defimaster_video_2.mp4
video_5_3,defimaster,DeFi risks and rewards,1711584000,64000,1700,4400,510000,https://example.com/videos/defimaster_video_3.mp4
video_6_1,nftguru,Blue chip NFT analysis,1711756800,58000,1500,4000,460000,https://example.com/videos/nftguru_video_1.mp4
video_6_2,nftguru,NFT marketplace comparison,1711670400,55000,1400,3800,440000,https://example.com/videos/nftguru_video_2.mp4
video_6_3,nftguru,NFT gaming projects,1711584000,57000,1500,3900,450000,https://example.com/videos/nftguru_video_3.mp4
video_7_1,tradingpro,Technical analysis basics,1711756800,52000,1300,3600,420000,https://example.com/videos/tradingpro_video_1.mp4
video_7_2,tradingpro,Chart patterns to watch,1711670400,50000,1300,3500,400000,https://example.com/videos/tradingpro_video_2.mp4
video_7_3,tradingpro,Risk management strategies,1711584000,51000,1300,3500,410000,https://example.com/videos/tradingpro_video_3.mp4
video_8_1,cryptoanalyst,Market sentiment analysis,1711756800,48000,1200,3300,380000,https://example.com/videos/cryptoanalyst_video_1.mp4
video_8_2,cryptoanalyst,On-chain metrics explained,1711670400,45000,1100,3100,360000,https://example.com/videos/cryptoanalyst_video_2.mp4
video_8_3,cryptoanalyst,Whale wallet movements,1711584000,47000,1200,3200,370000,https://example.com/videos/cryptoanalyst_video_3.mp4
video_9_1,blockchainbuff,Blockchain scalability solutions,1711756800,42000,1100,2900,340000,https://example.com/videos/blockchainbuff_video_1.mp4
video_9_2,blockchainbuff,Consensus mechanisms compared,1711670400,40000,1000,2800,320000,https://example.com/videos/blockchainbuff_video_2.mp4
video_9_3,blockchainbuff,Web3 infrastructure projects,1711584000,41000,1000,2800,330000,https://example.com/videos/blockchainbuff_video_3.mp4
video_10_1,ethexpert,Ethereum layer 2 solutions,1711756800,38000,900,2600,300000,https://example.com/videos/ethexpert_video_1.mp4
video_10_2,ethexpert,EIP-1559 explained,1711670400,36000,900,2500,290000,https://example.com/videos/ethexpert_video_2.mp4
video_10_3,ethexpert,Ethereum staking guide,1711584000,37000,900,2500,295000,https://example.com/videos/ethexpert_video_3.mp4
